City_ID,City,Lat,Lng,Max Temp,Humidity,Cloudiness,Wind Speed,Country,Date
0,ilulissat,69.2167,-51.1,251.16,64,40,7.72,GL,1706904764
1,ust-tsilma,65.441,52.1498,265.04,93,100,4.24,RU,1706904764
2,mandera,3.9366,41.867,307.76,29,100,2.24,KE,1706904765
3,port-aux-francais,-49.35,70.2167,280.86,95,56,8.07,TF,1706904765
4,chonchi,-42.6128,-73.8092,292.71,47,80,4.16,CL,1706904765
5,udachny,66.4167,112.4,242.7,77,88,1.36,RU,1706904766
6,boguchany,58.3814,97.4531,247.51,100,87,0.89,RU,1706904767
7,grytviken,-54.2811,-36.5092,280.15,60,98,6.98,GS,1706904768
8,waitangi,-43.9535,-176.5597,289.72,93,100,1.79,NZ,1706904769
9,kotri,25.366,68.3122,293.94,16,46,3.7,PK,1706904771
10,ushuaia,-54.8,-68.3,278.18,99,100,1.65,AR,1706904772
11,dawei,14.0833,98.2,294.77,85,14,1.24,MM,1706904773
12,chichiriviche,10.9333,-68.2772,300.38,78,35,4.6,VE,1706904773
13,puerto natales,-51.7236,-72.4875,284.4,93,75,3.09,CL,1706904773
14,edinburgh of the seven seas,-37.0676,-12.3116,292.01,93,15,6.49,SH,1706904774
15,vorkuta,67.5,64.0,255.47,94,100,1.88,RU,1706904774
16,homer,59.6425,-151.5483,262.08,61,0,5.14,US,1706904775
17,praia da vitoria,38.7333,-27.0667,290.79,93,67,4.23,PT,1706904775
18,papatowai,-46.5619,169.4708,282.48,76,100,5.06,NZ,1706904776
19,lebu,-37.6167,-73.65,292.83,81,39,5.4,CL,1706904778
20,yellowknife,62.456,-114.3525,262.75,96,100,3.09,CA,1706904575
21,ust-nera,64.5667,143.2,244.8,100,100,1.17,RU,1706904779
22,georgetown,5.4112,100.3354,301.11,89,20,0.0,MY,1706904755
23,bikenibeu village,1.3673,173.1241,303.13,84,40,3.6,KI,1706904781
24,toliara,-23.35,43.6667,298.61,83,92,4.44,MG,1706904781
25,east london,-33.0153,27.9116,297.63,83,100,9.08,ZA,1706904781
26,sitka,57.0531,-135.33,272.09,80,100,3.6,US,1706904782
27,hammerfest,70.6634,23.6821,266.4,86,0,1.03,NO,1706904782
28,maumere,-8.6199,122.2111,299.84,82,37,1.35,ID,1706904782
29,mount pearl,47.5166,-52.7813,272.51,83,100,1.79,CA,1706904783
30,pahrump,36.2083,-115.9839,283.62,72,98,1.79,US,1706904589
31,kachug,53.9606,105.8817,244.85,100,70,0.45,RU,1706904784
32,whitehorse,60.7161,-135.0538,250.43,58,72,1.79,CA,1706904784
33,colonia,50.9333,6.95,282.57,79,100,7.72,DE,1706904784
34,mil'kovo,55.6078,37.7956,271.23,76,100,6.67,RU,1706904785
35,yuanping,38.7153,112.7575,268.41,62,62,0.56,CN,1706904785
36,las lajitas,-24.6833,-64.25,310.69,27,17,3.52,AR,1706904687
37,klyuchi,52.2667,79.1667,262.86,93,100,5.4,RU,1706904786
38,jose bonifacio,-21.0528,-49.6883,303.84,36,84,3.14,BR,1706904786
39,extrema,-22.8547,-46.3183,292.22,95,98,1.69,BR,1706904786
40,iqaluit,63.7506,-68.5145,248.0,64,20,6.69,CA,1706904787
41,kingston,17.997,-76.7936,300.68,69,40,2.57,JM,1706904008
42,cabo san lucas,22.8909,-109.9124,299.05,57,0,5.66,MX,1706904607
43,ovruch,51.3246,28.8035,272.9,85,94,4.33,UA,1706904788
44,brisas de zicatela,15.8369,-97.0419,302.44,65,75,5.14,MX,1706904788
45,vorgashor,67.5833,63.95,255.64,93,100,2.34,RU,1706904789
46,colac,-38.3333,143.5833,283.8,92,2,0.19,AU,1706904789
47,bowen,-20.0167,148.2333,299.03,79,100,1.95,AU,1706904790
48,ribeira grande,38.5167,-28.7,290.8,94,40,4.63,PT,1706904790
49,isafjordur,66.0755,-23.124,268.17,84,63,5.41,IS,1706904790
50,manturovo,58.3353,44.7619,268.03,95,97,3.56,RU,1706904791
51,mukalla,14.5425,49.1242,296.74,78,4,0.72,YE,1706904791
52,the pas,53.8251,-101.2541,277.16,70,0,6.69,CA,1706904791
53,port lincoln,-34.7333,135.8667,291.17,88,0,2.55,AU,1706904792
54,villa gesell,-37.2639,-56.973,303.18,37,100,9.76,AR,1706904792
55,olonkinbyen,70.9221,-8.7187,267.97,59,100,8.33,SJ,1706904792
56,st. john's,47.5649,-52.7093,272.97,82,100,0.45,CA,1706904719
57,cantaura,9.3057,-64.3584,309.06,29,100,3.19,VE,1706904793
58,hawaiian paradise park,19.5933,-154.9731,295.39,95,100,3.6,US,1706904793
59,ubinskoye,55.3068,79.6802,263.14,94,100,5.83,RU,1706904794
60,sault ste. marie,46.5168,-84.3333,275.46,44,0,3.09,CA,1706904620
61,qarazhal,48.0078,70.7903,260.45,89,100,7.02,KZ,1706904795
62,wailua homesteads,22.0669,-159.378,296.39,70,0,8.23,US,1706904795
63,adamstown,-25.066,-130.1015,297.92,82,39,4.39,PN,1706904796
64,tanjung pandan,-2.75,107.65,298.63,90,100,3.56,ID,1706904796
65,stanley,54.868,-1.6985,284.16,86,75,10.8,GB,1706904796
66,callao,-12.0667,-77.15,300.31,61,75,6.17,PE,1706904797
67,umba,66.6871,34.3429,257.15,99,58,1.17,RU,1706904797
68,rakops,-21.0167,24.3333,299.07,35,51,4.55,BW,1706904797
69,tralee,52.2704,-9.7026,284.68,94,100,4.3,IE,1706904798
70,san salvador de jujuy,-24.1946,-65.2971,305.09,36,34,1.75,AR,1706904798
71,el calafate,-50.3408,-72.2768,287.76,64,100,6.31,AR,1706904799
72,bilibino,68.0546,166.4372,242.69,92,40,2.32,RU,1706904799
73,mangrol,21.1167,70.1167,295.4,64,4,2.74,IN,1706904556
74,hamilton,39.1834,-84.5333,282.92,63,75,5.66,US,1706904800
75,jinchang,38.4953,102.1739,265.92,96,100,0.88,CN,1706904800
76,dunbar,38.3606,-81.7374,284.38,53,75,4.47,US,1706904800
77,port elizabeth,-33.918,25.5701,294.87,95,100,4.12,ZA,1706904801
78,kokshetau,53.2775,69.3883,258.12,94,96,3.19,KZ,1706904801
79,dire,12.2833,-10.9667,302.83,14,67,1.85,ML,1706904802
80,kirovgrad,57.4297,60.0597,256.61,99,100,1.87,RU,1706904802
81,necochea,-38.5473,-58.7368,309.41,24,100,5.66,AR,1706904802
82,sufalat sama'il,23.3167,58.0167,296.97,74,26,2.18,OM,1706904803
83,bethel,41.3712,-73.414,279.57,79,100,3.6,US,1706904769
84,punta arenas,-53.15,-70.9167,278.21,93,100,7.2,CL,1706904594
85,kone,-21.0595,164.8658,299.7,88,100,2.83,NC,1706904804
86,tolanaro,-25.0319,46.9987,296.62,75,100,5.67,MG,1706904804
87,kovel,51.2153,24.7087,274.17,84,100,5.82,UA,1706904804
88,linhares,-19.3911,-40.0722,300.18,83,99,2.53,BR,1706904805
89,punta cardon,11.6581,-70.215,301.33,68,36,8.35,VE,1706904805
90,shingu,33.7333,135.9833,275.44,72,2,2.68,JP,1706904805
91,ta`u,-14.2336,-169.5144,301.13,82,100,6.03,AS,1706904806
92,dunedin,-45.8742,170.5036,284.15,72,81,3.85,NZ,1706904806
93,areia branca,-4.9561,-37.1369,302.57,69,19,9.54,BR,1706904807
94,la passe,45.5549,-0.8967,283.14,90,12,2.83,FR,1706904807
95,tual,-5.6667,132.75,301.81,78,86,7.19,ID,1706904807
96,palmer,42.1584,-72.3287,279.18,68,75,6.17,US,1706904808
97,bamboo flat,11.7,92.7167,298.75,75,1,3.15,IN,1706904809
98,bredasdorp,-34.5322,20.0403,294.6,91,3,1.98,ZA,1706904809
99,papao,-17.75,-149.55,302.97,75,100,4.45,PF,1706904809
100,albany,42.6001,-73.9662,277.92,77,96,1.34,US,1706904707
101,usinsk,65.9939,57.5281,262.08,95,70,4.92,RU,1706904810
102,anadyr,64.75,177.4833,257.43,55,100,12.0,RU,1706904810
103,guerrero negro,27.9769,-114.0611,291.87,53,0,7.15,MX,1706904811
104,constantia,44.1833,28.65,276.53,71,76,4.71,RO,1706904811
105,margaret river,-33.95,115.0667,291.05,95,85,3.51,AU,1706904811
106,kodiak,57.79,-152.4072,261.88,79,75,2.06,US,1706904812
107,sinabang,2.4803,96.3801,299.35,82,95,0.89,ID,1706904812
108,fortuna,40.5982,-124.1573,283.66,84,75,2.57,US,1706904650
109,kirakira,-10.4544,161.9205,300.48,85,99,3.84,SB,1706904813
110,petropavlovsk-kamchatsky,53.0452,158.6483,253.4,75,0,4.47,RU,1706904813
111,susuman,62.7833,148.1667,239.81,100,94,1.34,RU,1706904814
112,west island,-12.1568,96.8225,300.14,89,24,1.54,CC,1706904814
113,todos santos,23.45,-110.2167,299.43,64,0,5.63,MX,1706904814
114,lysyye gory,51.5506,44.8414,271.28,92,91,6.98,RU,1706904815
115,labrador city,52.9463,-66.9114,258.1,47,0,0.0,CA,1706904815
116,port saint john's,-31.6229,29.5448,297.37,83,99,7.29,ZA,1706904815
117,tazovsky,67.4667,78.7,262.02,91,100,6.58,RU,1706904816
118,saint-philippe,-21.3585,55.7679,297.92,81,76,7.01,RE,1706904816
119,fitzgerald,31.7149,-83.2526,294.02,28,0,2.57,US,1706904816
120,kailua-kona,19.6406,-155.9956,295.13,99,100,5.66,US,1706904817
121,namibe,-15.1961,12.1522,298.19,88,100,3.11,AO,1706904817
122,eyl,7.9803,49.8164,297.15,83,100,5.25,SO,1706904817
123,nizhniy ingash,56.2,96.53,252.78,100,93,1.82,RU,1706904818
124,tiksi,71.6872,128.8694,246.51,100,92,1.55,RU,1706904818
125,slaton,33.4373,-101.6435,295.49,27,77,7.83,US,1706904809
126,aasiaat,68.7098,-52.8699,248.19,98,100,2.04,GL,1706904819
127,nago,26.5881,127.9761,292.12,84,12,1.13,JP,1706904819
128,port mathurin,-19.6833,63.4167,300.61,78,99,10.26,MU,1706904820
129,college,64.8569,-147.8028,234.51,64,75,0.0,US,1706904820
130,magdagachi,53.45,125.8,244.93,99,8,1.42,RU,1706904820
131,tamanrasset,22.785,5.5228,287.1,15,0,2.06,DZ,1706904821
132,beardstown,40.0176,-90.4243,283.01,64,6,1.34,US,1706904821
133,luderitz,-26.6481,15.1594,293.07,90,100,3.23,NA,1706904821
134,tofol,5.3248,163.0078,301.17,81,100,6.54,FM,1706904822
135,geraldton,-28.7667,114.6,294.38,83,5,2.57,AU,1706904822
136,amlapura,-8.45,115.6167,298.99,85,62,0.96,ID,1706904822
137,molteno,-31.3968,26.3625,293.8,53,100,1.58,ZA,1706904654
138,saint-francois,46.4154,3.9054,276.86,94,78,1.54,FR,1706904823
139,neryungri,56.6709,124.6491,237.46,100,92,1.0,RU,1706904824
140,saint-louis,16.3333,-15.0,300.8,12,0,4.56,SN,1706904824
141,saldanha,-33.0117,17.9442,291.64,97,46,3.79,ZA,1706904824
142,kamiichi,36.7,137.3667,274.69,79,45,1.4,JP,1706904825
143,new plymouth,-39.0667,174.0833,290.27,66,19,8.93,NZ,1706904825
144,blackmans bay,-43.0167,147.3167,284.22,75,3,0.45,AU,1706904825
145,yelizovo,53.1873,158.3805,254.15,63,0,2.0,RU,1706904826
146,hadibu,12.65,54.0333,298.3,79,37,2.49,YE,1706904826
147,brookings,44.3114,-96.7984,278.15,85,100,7.2,US,1706904664
148,al jawf,29.5,38.75,281.95,55,8,3.36,SA,1706904827
149,goondiwindi,-28.55,150.3167,297.75,72,0,5.42,AU,1706904827
150,grand island,40.925,-98.342,286.04,79,100,6.17,US,1706904828
151,cole harbour,44.6724,-63.4751,274.24,96,100,4.12,CA,1706904828
152,yung shue wan,22.2333,114.1167,293.33,92,100,7.96,HK,1706904828
153,avarua,-21.2078,-159.775,301.18,83,75,2.06,CK,1706904829
154,saipan,15.1355,145.701,299.54,73,40,8.75,MP,1706904829
155,westport,41.1415,-73.3579,279.97,80,100,4.63,US,1706904732
156,willowmore,-33.2926,23.4895,300.25,40,100,4.36,ZA,1706904830
157,aykhal,66.0,111.5,245.81,69,39,1.74,RU,1706904830
158,jamestown,42.097,-79.2353,275.38,93,100,4.12,US,1706904709
159,dolinsk,47.35,142.8,257.44,92,57,1.94,RU,1706904831
160,nar'yan-mar,67.6713,53.087,267.1,89,100,10.28,RU,1706904831
161,ustyuzhna,58.8394,36.4321,267.58,92,100,5.38,RU,1706904832
162,ust'-kalmanka,52.1207,83.305,264.25,76,100,6.07,RU,1706904832
163,pacific grove,36.6177,-121.9166,286.98,85,75,3.13,US,1706904649
164,vilyuchinsk,52.9306,158.4028,254.22,82,12,4.42,RU,1706904833
165,arish,31.1316,33.7984,287.82,61,12,4.94,EG,1706904833
166,port alfred,-33.5906,26.891,297.13,85,100,9.73,ZA,1706904833
167,kidal,18.4411,1.4078,292.87,12,79,4.77,ML,1706904834
168,port moresby,-9.4431,147.1797,298.83,89,75,2.57,PG,1706904834
169,weno,7.4515,151.8468,300.12,94,100,5.14,FM,1706904835
170,remire-montjoly,4.9167,-52.2667,303.17,62,20,4.12,GF,1706904835
171,nellore,14.4333,79.9667,296.4,85,75,2.57,IN,1706904836
172,iskateley,67.6803,53.1512,267.05,89,100,10.28,RU,1706904836
173,beloyarskiy,63.7119,66.6722,258.15,94,100,2.68,RU,1706904837
174,nikol'sk,53.7189,46.0712,270.6,95,100,5.46,RU,1706904837
175,sudogda,55.9539,40.8629,267.99,91,100,4.48,RU,1706904837
176,tosontsengel,48.7567,98.2839,245.07,86,11,0.82,MN,1706904838
177,inirida,3.8653,-67.9239,302.37,74,97,0.16,CO,1706904838
178,yuzhno-kurilsk,44.0306,145.8556,265.03,64,100,14.45,RU,1706904839
179,broken hill,-31.95,141.4333,294.26,29,0,3.65,AU,1706904652
180,qaqortoq,60.7167,-46.0333,255.14,79,96,1.72,GL,1706904839
181,queenstown,-31.8976,26.8753,294.67,74,98,0.93,ZA,1706904840
182,selfoss,63.9331,-20.9971,270.4,71,100,18.53,IS,1706904840
183,harnai,30.1005,67.9374,282.43,68,100,1.25,PK,1706904841
184,tura,25.5198,90.2201,286.08,56,0,0.39,IN,1706904841
185,alofi,-19.0595,-169.9187,301.09,89,40,2.57,NU,1706904841
186,minab,27.1467,57.0801,292.47,62,43,11.27,IR,1706904842
187,uturoa,-16.7333,-151.4333,301.1,76,100,5.34,PF,1706904842
188,invercargill,-46.4,168.35,282.05,92,99,0.89,NZ,1706904842
189,tutoia,-2.7619,-42.2744,301.55,74,95,4.41,BR,1706904843
190,parabel',58.6978,81.4825,263.66,95,100,4.02,RU,1706904843
191,longyearbyen,78.2186,15.6401,262.06,73,75,2.57,SJ,1706904843
192,yarmouth,41.7057,-70.2286,278.76,89,100,5.36,US,1706904798
193,san andres,12.5847,-81.7006,301.16,65,75,5.14,CO,1706904760
194,palmares do sul,-30.2578,-50.5097,298.52,64,0,7.45,BR,1706904844
195,laguna,38.421,-121.4238,287.67,79,40,5.66,US,1706904823
196,souillac,-20.5167,57.5167,299.36,73,40,3.09,MU,1706904845
197,simplicio mendes,-7.8539,-41.9103,303.48,53,100,1.93,BR,1706904845
198,mazagao,-0.115,-51.2894,298.18,81,100,1.35,BR,1706904846
199,puerto ayora,-0.7393,-90.3518,305.13,80,96,5.4,EC,1706904846
200,nemuro,43.3236,145.575,263.78,66,94,11.55,JP,1706904846
201,sultanah,24.4926,39.5857,287.4,23,0,3.6,SA,1706904847
202,loa janan,-0.583,117.095,296.42,99,99,0.96,ID,1706904847
203,al qitena,14.8648,32.3668,292.15,13,16,5.58,SD,1706904848
204,vikulovo,56.8167,70.6107,246.4,100,100,1.7,RU,1706904848
205,kurumkan,54.3,110.3,248.22,90,19,1.79,RU,1706904849
206,dudinka,69.4058,86.1778,259.64,93,100,10.73,RU,1706904849
207,badger,64.8,-147.5333,234.46,63,75,0.0,US,1706904850
208,hermanus,-34.4187,19.2345,295.82,81,0,3.52,ZA,1706904850
209,galliano,29.4422,-90.2992,296.48,50,0,2.76,US,1706904841
210,novyy urgal,51.0736,132.5642,237.8,100,69,0.5,RU,1706904851
211,maamba,-17.3667,27.15,294.32,75,8,1.31,ZM,1706904851
212,bratsk,56.1325,101.6142,251.42,100,92,0.56,RU,1706904851
213,utrik,11.2278,169.8474,299.39,87,99,9.94,MH,1706904852
214,jumla,29.2747,82.1838,272.42,54,0,1.27,NP,1706904852
215,ulsan,35.5372,129.3167,277.28,82,93,2.46,KR,1706904852
216,ola,59.5833,151.2833,249.34,83,100,3.36,RU,1706904853
217,mitu,1.1983,-70.1733,302.0,73,100,0.48,CO,1706904853
218,tangalle,6.024,80.7911,297.59,89,82,4.7,LK,1706904853
219,dalian,38.9122,121.6022,266.11,53,0,3.0,CN,1706904760
220,valle de la pascua,9.2155,-66.0073,309.16,31,100,2.33,VE,1706904854
221,la ligua,-32.4524,-71.2311,303.7,33,2,4.56,CL,1706904854
222,sena madureira,-9.0656,-68.6569,307.4,44,100,0.57,BR,1706904855
223,kiunga,-6.1219,141.2906,296.89,99,100,0.85,PG,1706904855
224,derazhnya,49.2692,27.4338,272.34,91,100,5.1,UA,1706904856
225,aniva,46.7144,142.5294,246.21,95,29,3.17,RU,1706904856
226,okha,53.5739,142.9478,252.47,86,100,7.38,RU,1706904856
227,ginir,7.1333,40.7,289.59,47,76,1.58,ET,1706904857
228,arraial do cabo,-22.9661,-42.0278,300.13,89,75,4.63,BR,1706904857
229,ilebo,-4.3167,20.5833,294.28,97,100,0.76,CD,1706904857
230,huarmey,-10.0681,-78.1522,299.86,71,100,4.99,PE,1706904858
231,bardai,11.65,7.2333,292.71,19,18,4.43,NG,1706904858
232,laojunmiao,39.8333,97.7333,262.95,94,100,1.61,CN,1706904858
233,chelak,39.9203,66.8611,273.42,62,100,5.51,UZ,1706904859
234,nadi,-17.8,177.4167,301.15,78,75,2.06,FJ,1706904815
235,lihue,21.9789,-159.3672,296.73,69,0,8.23,US,1706904860
236,zyryanovsk,49.7386,84.2719,261.85,96,100,0.92,KZ,1706904860
237,la'ie,21.6477,-157.9253,297.13,68,70,2.68,US,1706904860
238,san antonio de pale,-1.4014,5.6325,301.06,79,95,2.68,GQ,1706904861
239,el colorado,-26.3081,-59.3729,314.08,17,0,2.55,AR,1706904861
240,uvira,-3.4067,29.1458,296.25,85,99,0.58,CD,1706904862
241,talnakh,69.4865,88.3972,258.82,94,100,7.16,RU,1706904862
242,babayevo,59.3936,35.9371,267.7,91,100,5.0,RU,1706904862
243,yeed,4.55,43.0333,305.52,27,100,5.08,SO,1706904863
244,trondheim,63.4305,10.3951,281.18,95,100,1.34,NO,1706904863
245,ingeniero guillermo n. juarez,-23.9,-61.85,314.76,17,61,2.86,AR,1706904864
246,malango,-2.9627,119.9001,292.54,96,97,1.33,ID,1706904864
247,severo-yeniseyskiy,60.3725,93.0408,247.36,100,80,1.34,RU,1706904865
248,ryotsu-minato,38.0833,138.4333,276.22,62,100,6.2,JP,1706904865
249,yangquan,37.8575,113.5633,268.09,88,98,0.91,CN,1706904865
250,buguruslan,53.6554,52.442,271.28,97,100,3.31,RU,1706904866
251,haiku-pauwela,20.9219,-156.3051,293.73,95,100,3.6,US,1706904866
252,plainfield,40.6168,-74.4173,280.51,77,100,3.09,US,1706904782
253,thompson,55.7435,-97.8558,272.24,93,100,2.57,CA,1706904867
254,enewetak,11.3474,162.3373,299.61,84,100,10.52,MH,1706904867
255,forster,-32.1667,152.5167,294.98,83,74,3.52,AU,1706904868
256,xiaoweizhai,26.1903,107.5125,281.12,99,100,1.53,CN,1706904869
257,gillette,44.2911,-105.5022,284.66,45,100,6.17,US,1706904606
258,kerikeri,-35.2268,173.9474,291.84,85,36,5.12,NZ,1706904630
259,jaguarari,-10.2639,-40.1958,301.87,42,82,4.35,BR,1706904870
260,fort st. john,56.2499,-120.8529,268.09,100,100,2.57,CA,1706904870
261,trenggalek,-8.05,111.7167,297.56,94,97,1.41,ID,1706904871
262,pemangkat,1.1667,108.9667,298.51,89,100,3.44,ID,1706904871
263,puerto aysen,-45.4,-72.7,288.22,83,84,3.7,CL,1706904871
264,whakatane,-37.9585,176.9854,290.1,88,99,0.89,NZ,1706904872
265,neuquen,-38.9516,-68.0591,309.94,10,0,8.4,AR,1706904625
266,antalaha,-14.9003,50.2788,297.98,89,58,2.39,MG,1706904872
267,same,-4.0667,37.7333,295.53,81,100,2.13,TZ,1706904873
268,ancud,-41.8697,-73.8203,290.14,76,45,5.04,CL,1706904876
269,bandarbeyla,9.4942,50.8122,297.39,80,91,3.22,SO,1706904877
270,langepas,61.2544,75.2124,251.97,100,96,2.68,RU,1706904880
271,mount gambier,-37.8333,140.7667,281.88,88,0,1.69,AU,1706904758
272,awjilah,29.1081,21.2869,287.14,53,100,1.31,LY,1706904883
273,rongelap,11.1635,166.8941,299.58,84,100,10.11,MH,1706904883
274,varna,43.2167,27.9167,276.73,70,69,1.54,BG,1706904697
275,kayenta,36.7278,-110.2546,277.77,64,100,8.12,US,1706904885
276,wilmington,34.2257,-77.9447,292.1,52,0,2.24,US,1706904885
277,debica,50.0515,21.4114,277.67,74,100,4.72,PL,1706904886
278,novyy urengoy,66.0833,76.6333,260.8,91,100,6.01,RU,1706904640
279,angaur state,6.906,134.13,300.6,82,39,9.8,PW,1706904887
280,fortaleza,-3.7227,-38.5247,304.86,87,75,6.17,BR,1706904888
281,hampton bays,40.869,-72.5176,279.77,82,100,2.57,US,1706904888
282,abyek,36.0667,50.55,270.96,71,100,2.19,IR,1706904888
283,okhotsk,59.3833,143.3,248.94,79,49,6.05,RU,1706904889
284,lerwick,60.1545,-1.1494,282.15,75,9,15.15,GB,1706904889
285,santa sylvina,-27.8326,-61.1375,314.22,13,0,3.71,AR,1706904890
286,vernon,50.2581,-119.2691,282.93,93,96,0.51,CA,1706904890
287,hithadhoo,-0.6,73.0833,301.67,75,28,5.09,MV,1706904890
288,south valley,35.0101,-106.6781,284.26,48,75,11.32,US,1706904891
289,faya-largeau,17.9257,19.1043,288.79,17,0,7.2,TD,1706904891
290,as sulayyil,20.4607,45.5779,291.29,23,0,6.3,SA,1706904891
291,touros,-5.1989,-35.4608,301.7,70,12,6.78,BR,1706904892
292,aswan,24.0934,32.907,285.63,39,0,4.52,EG,1706904892
293,kemi,65.8596,24.8228,271.02,86,75,4.63,FI,1706904892
294,ylitornio,66.3089,23.6773,270.7,95,100,4.77,FI,1706904893
295,preobrazheniye,42.9019,133.9064,260.22,65,0,2.79,RU,1706904753
296,samarinda,-0.5,117.15,296.42,99,100,0.99,ID,1706904893
297,fale old settlement,-9.3852,-171.2468,301.45,75,100,4.14,TK,1706904894
298,darwha,20.3167,77.7667,294.48,41,91,2.72,IN,1706904894
299,hilo,19.7297,-155.09,295.51,97,100,4.63,US,1706904894
300,salinas,36.6777,-121.6555,287.2,84,75,3.09,US,1706904723
301,manavalakurichi,8.1333,77.3,298.59,83,9,1.57,IN,1706904895
302,taitung city,22.7583,121.1444,294.5,85,67,2.87,TW,1706904897
303,kalispell,48.1958,-114.3129,279.13,90,100,0.0,US,1706904897
304,hobyo,5.3505,48.5268,298.84,78,92,5.88,SO,1706904897
305,tatarsk,55.219,75.9828,257.37,98,93,3.15,RU,1706904898
306,al jabin,14.704,43.599,283.89,84,18,2.41,YE,1706904898
307,nalut,30.3333,10.85,283.62,45,98,3.01,LY,1706904899
308,nchelenge,-9.3451,28.734,294.89,85,86,1.02,ZM,1706904899
309,luwuk,-0.9516,122.7875,299.2,84,100,1.27,ID,1706904899
310,asau,46.4333,26.4,270.66,93,62,2.31,RO,1706904900
311,afaahiti,-17.75,-149.2833,302.08,74,100,4.07,PF,1706904900
312,tyumentsevo,53.3224,81.498,262.16,91,97,6.59,RU,1706904900
313,aktau,43.65,51.2,277.47,68,100,4.13,KZ,1706904901
314,targuist,34.9377,-4.3186,281.96,89,53,0.93,MA,1706904901
315,sandnessjoen,66.0217,12.6316,279.21,87,75,9.26,NO,1706904902
316,hang dong,18.687,98.9194,293.06,69,20,2.06,TH,1706904902
317,mili,6.0815,171.735,301.02,81,75,10.35,MH,1706904903
318,san juan de uraba,8.7592,-76.5297,300.98,82,85,5.78,CO,1706904903
319,nuuk,64.1835,-51.7216,258.49,78,75,2.57,GL,1706904904
320,salinopolis,-0.6136,-47.3561,300.24,83,97,3.19,BR,1706904904
321,puerto santa,-8.9906,-78.6456,299.43,73,100,4.7,PE,1706904905
322,san mariano,7.5,126.0,293.7,96,11,1.49,PH,1706904905
323,inarajan village,13.2736,144.7484,299.23,81,12,9.0,GU,1706904906
324,uyovu,-3.2833,31.5258,291.77,91,100,0.63,TZ,1706904906
325,sumenep,-7.0167,113.8667,299.68,87,100,2.72,ID,1706904906
326,atafu village,-8.5421,-172.5159,301.87,77,100,4.99,TK,1706904907
327,jayapura,-2.5333,140.7,297.81,88,100,1.9,ID,1706904900
328,sandpoint,48.2766,-116.5533,280.61,93,100,1.35,US,1706904908
329,cockburn town,21.4612,-71.1419,295.63,56,10,2.53,TC,1706904700
330,island harbour,50.724,-1.2758,286.19,90,100,2.24,GB,1706904908
331,sabha,27.0377,14.4283,283.09,37,0,1.08,LY,1706904909
332,mont-laurier,46.5501,-75.4993,269.94,83,100,3.55,CA,1706904909
333,altay,47.8667,88.1167,264.45,97,100,0.28,CN,1706904909
334,coquimbo,-29.9533,-71.3436,293.0,82,75,4.63,CL,1706904910
335,crane,31.3974,-102.3501,296.26,21,35,9.95,US,1706904910
336,siem reap,13.5,104.0,297.34,71,4,0.57,KH,1706904910
337,guanica,17.9716,-66.908,300.95,54,97,1.0,PR,1706904911
338,tazacorte,28.629,-17.9293,293.23,46,0,3.09,ES,1706904911
339,puerto san jose,13.9256,-90.8244,303.01,51,0,4.36,GT,1706904912
340,mahavelona,-17.6848,49.5087,298.14,92,72,3.6,MG,1706904912
341,napanee,44.2501,-76.9494,277.1,72,73,4.66,CA,1706904913
342,hauterive,46.0901,3.4459,278.57,90,54,0.31,FR,1706904913
343,fort mcmurray,56.7268,-111.381,274.84,90,100,1.82,CA,1706904695
344,soe,-9.8607,124.284,292.63,89,40,1.56,ID,1706904914
345,swan hill,-35.3378,143.5544,289.25,58,0,1.66,AU,1706904914
346,brandfort,-28.7001,26.4597,293.82,60,93,5.02,ZA,1706904914
347,keflavik,64.0049,-22.5624,272.1,74,75,22.12,IS,1706904915
348,kolonia town,6.964,158.206,301.15,83,75,5.14,FM,1706904915
349,srirampur,22.9489,88.0189,292.23,54,0,1.73,IN,1706904915
350,caleta de carquin,-11.0925,-77.6267,299.39,73,100,4.86,PE,1706904916
351,gao,16.6362,1.637,293.09,12,91,5.31,ML,1706904916
352,alaghsas,17.0187,8.0168,290.89,17,79,6.87,NE,1706904917
353,huilong,31.8111,121.655,278.34,93,100,5.63,CN,1706904917
354,ixtapa,20.7,-105.2,298.72,73,0,4.63,MX,1706904918
355,portland,45.5234,-122.6762,286.54,65,75,4.63,US,1706904642
356,aljezur,37.3191,-8.8033,285.76,80,5,0.41,PT,1706904621
357,isangel,-19.55,169.2667,301.21,78,100,3.09,VU,1706904919
358,dongola,19.1667,30.4833,286.71,26,0,5.0,SD,1706904919
359,porto velho,-8.7619,-63.9039,304.18,55,20,2.57,BR,1706904732
360,baiao,-2.7906,-49.6717,296.53,96,100,0.53,BR,1706904920
361,rio grande,-32.035,-52.0986,302.21,63,0,7.15,BR,1706904920
362,katol,21.2667,78.5833,292.44,40,3,2.27,IN,1706904921
363,reserva,-24.6503,-50.8506,299.42,47,87,0.31,BR,1706904921
364,chernyshevskiy,63.0128,112.4714,241.53,100,100,1.28,RU,1706904754
365,copiapo,-27.3667,-70.3333,293.98,40,28,4.81,CL,1706904922
366,veinticinco de mayo,-35.4323,-60.1727,314.64,9,0,6.41,AR,1706904922
367,baronissi,40.7477,14.7708,284.18,68,39,0.45,IT,1706904922
368,burao,9.5221,45.5336,293.78,76,75,4.25,SO,1706904922
369,bima,-8.4667,118.7167,298.46,93,24,0.46,ID,1706904923
370,nova vicosa,-17.8919,-39.3719,300.79,74,100,3.6,BR,1706904689
371,valparaiso,-33.0393,-71.6273,309.9,36,17,9.77,CL,1706904924
372,renfrew,55.872,-4.3925,284.55,91,75,8.23,GB,1706904924
373,agat village,13.3886,144.6585,299.21,77,0,5.14,GU,1706904924
374,lagos,6.5833,3.75,302.33,78,6,2.2,NG,1706904925
375,inari,68.906,27.0288,266.26,91,100,4.46,FI,1706904925
376,rio gallegos,-51.6226,-69.2181,285.18,87,75,8.75,AR,1706904926
377,ati,13.2154,18.3353,295.22,17,100,5.98,TD,1706904926
378,erenhot,43.6475,111.9767,252.84,94,5,0.94,CN,1706904926
379,sergeyevka,53.88,67.4158,257.28,97,72,3.26,KZ,1706904927
380,ouadda,8.0777,22.4007,293.69,23,4,2.25,CF,1706904927
381,tozeur,33.9197,8.1335,286.37,54,40,1.54,TN,1706904927
382,pisco,-13.7,-76.2167,301.18,61,0,9.26,PE,1706904928
383,bodaybo,57.8506,114.1933,249.69,98,100,0.11,RU,1706904928
384,coahuayana de hidalgo,18.7,-103.6583,303.97,45,0,3.73,MX,1706904928
385,kharkhorin,47.1975,102.8238,253.44,83,34,2.67,MN,1706904929
386,price,39.5994,-110.8107,276.55,100,100,2.06,US,1706904747
387,lillehammer,61.1146,10.4674,276.41,90,38,3.11,NO,1706904930
388,odda,60.0691,6.5457,283.02,100,100,8.43,NO,1706904930
389,lichtenfels,50.1457,11.0593,280.45,87,100,0.45,DE,1706904930
390,vysokiy,58.35,60.05,259.2,97,100,2.77,RU,1706904931
391,egilsstadir,65.2653,-14.3948,271.1,64,0,8.23,IS,1706904931
392,pagsangahan,13.2158,122.5431,297.62,86,24,3.02,PH,1706904931
393,ardanuc,41.1274,42.0629,272.61,78,67,1.0,TR,1706904932
394,kayes,14.0,-11.0,302.92,13,0,3.87,ML,1706904932
395,antofagasta,-23.65,-70.4,296.75,68,16,4.01,CL,1706904933
396,franceville,-1.6333,13.5836,296.76,87,89,0.58,GA,1706904933
397,inhambane,-23.865,35.3833,297.64,79,100,3.72,MZ,1706904933
398,puerto baquerizo moreno,-0.9,-89.6,302.7,79,40,6.69,EC,1706904934
399,gebeit,21.0667,36.3167,285.2,61,84,2.13,SD,1706904934
400,ihosy,-22.4,46.1167,292.97,90,87,5.98,MG,1706904935
401,duluth,46.7833,-92.1066,274.86,86,75,3.6,US,1706904935
402,margate,51.3813,1.3862,283.64,89,93,2.24,GB,1706904909
403,shagonar,51.5333,92.8,250.01,95,100,0.68,RU,1706904669
404,hasaki,35.7333,140.8333,271.37,51,31,6.67,JP,1706904936
405,acarau,-2.8856,-40.12,302.58,70,25,7.15,BR,1706904937
406,talavera,15.6167,120.9333,294.65,89,9,1.29,PH,1706904937
407,naracoorte,-36.9579,140.7383,285.34,67,0,0.97,AU,1706904937
408,vanimo,-2.6741,141.3028,298.59,88,96,2.24,PG,1706904938
409,mejit,10.2753,170.8646,299.73,86,98,10.09,MH,1706904938
410,banff,51.1762,-115.5698,281.72,61,100,3.09,CA,1706904939
411,sumbe,-11.2061,13.8437,299.88,85,31,1.04,AO,1706904939
412,vadso,70.0744,29.7487,267.24,73,75,5.14,NO,1706904939
413,chingirlau,51.095,54.0814,272.95,97,100,6.03,KZ,1706904940
414,monywa,22.1167,95.1333,292.34,59,0,2.85,MM,1706904940
415,den burg,53.0542,4.7972,282.57,91,100,9.26,NL,1706904940
416,pionerskiy,54.9508,20.2275,277.12,95,100,12.6,RU,1706904941
417,mantua,45.1667,10.7833,280.42,71,17,0.48,IT,1706904941
418,san clemente del tuyu,-36.3569,-56.7235,300.36,61,100,6.28,AR,1706904785
419,altai,46.3722,96.2583,255.69,65,91,1.35,MN,1706904942
420,manaus,-3.1019,-60.025,304.43,66,40,3.09,BR,1706904912
421,chyorny yar,48.0624,46.1091,273.39,91,100,6.41,RU,1706904943
422,longquan,24.6719,102.1613,280.39,88,6,2.11,CN,1706904943
423,east end,34.5507,-92.341,294.31,75,30,0.45,US,1706904944
424,pajara,28.3504,-14.1076,290.88,46,0,4.48,ES,1706904944
425,holualoa,19.6228,-155.9522,293.06,99,100,5.66,US,1706904944
426,al qusiyah,27.4402,30.8184,284.61,41,0,2.96,EG,1706904945
427,praya,14.9215,-23.5087,298.45,50,0,6.69,CV,1706904800
428,bitche,49.0501,7.4267,280.82,84,5,4.91,FR,1706904945
429,ambovombe,-25.1667,46.0833,295.77,79,77,8.87,MG,1706904946
430,bugana,7.9992,7.5836,301.94,17,82,1.79,NG,1706904946
431,zyrya,40.3661,50.2917,274.2,74,7,2.17,AZ,1706904946
432,koppa,13.5304,75.3633,290.31,85,45,0.5,IN,1706904947
433,smithers,54.7804,-127.1743,278.33,87,75,4.63,CA,1706904947
434,jincheng,35.5022,112.8328,266.7,94,100,0.47,CN,1706904948
435,san miguel,13.4833,-88.1833,307.93,36,0,4.63,SV,1706904948
436,lorengau,-2.0226,147.2712,300.71,81,100,3.94,PG,1706904948
437,taoudenni,22.6783,-3.9836,294.5,14,78,5.14,ML,1706904949
438,carbonear,47.7332,-53.2148,273.23,81,100,1.93,CA,1706904949
439,mana,5.6592,-53.7767,300.06,65,100,3.48,GF,1706904950
440,horta,38.5333,-28.6333,289.95,92,40,4.63,PT,1706904950
441,pergamino,-33.89,-60.5736,313.64,12,0,4.56,AR,1706904951
442,qamdo,31.1667,97.2333,263.38,51,100,3.04,CN,1706904951
443,urengoy,65.9667,78.3667,261.14,92,100,6.13,RU,1706904951
444,cholpon-ata,42.6494,77.0823,266.18,65,70,3.17,KG,1706904952
445,visby,57.6409,18.296,278.27,93,100,8.23,SE,1706904952
446,sisimiut,66.9395,-53.6735,250.75,95,97,3.93,GL,1706904952
447,parnamirim,-5.9156,-35.2628,303.34,74,40,7.2,BR,1706904953
448,piacabucu,-10.4056,-36.4344,301.59,65,58,5.3,BR,1706904953
449,behompy,-23.2496,43.8557,298.14,84,98,3.88,MG,1706904953
450,sinop,41.7711,34.8709,275.52,95,100,1.77,TR,1706904954
451,monrovia,6.3005,-10.7969,301.02,84,11,4.28,LR,1706904869
452,shahrak,34.1074,64.3052,269.03,95,63,2.92,AF,1706904955
453,trebon,49.0036,14.7707,279.78,83,65,5.5,CZ,1706904955
454,koundara,12.4833,-13.3,304.22,13,2,2.08,GN,1706904956
455,thal,35.4791,72.2439,269.1,77,100,3.07,PK,1706904956
456,wynyard,-41.0,145.7167,282.1,87,2,3.1,AU,1706904957
457,le port,-20.9373,55.2919,298.15,79,86,1.99,RE,1706904957
458,flying fish cove,-10.4217,105.6791,298.97,88,40,1.54,CX,1706904957
459,yeppoon,-23.1333,150.7333,296.03,83,0,1.1,AU,1706904958
460,walvis bay,-22.9575,14.5053,293.68,83,99,1.54,NA,1706904958
461,howrah,22.5892,88.3103,294.15,88,0,2.06,IN,1706904959
462,kokoda,-8.8785,147.7407,296.93,85,100,1.72,PG,1706904959
463,ust'-ordynskiy,52.805,104.7508,247.61,98,6,2.48,RU,1706904960
464,vila velha,-20.3297,-40.2925,302.12,90,20,3.09,BR,1706904960
465,paradip garh,20.3167,86.6167,295.4,83,34,2.13,IN,1706904961
466,leo,11.1,-2.1,299.26,17,3,3.79,BF,1706904961
467,san patricio,28.017,-97.5169,297.12,75,100,7.26,US,1706904961
468,saudarkrokur,65.7461,-19.6394,268.67,77,96,9.67,IS,1706904962
469,viedma,-40.8135,-62.9967,310.15,25,42,8.03,AR,1706904956
470,al abyar,32.19,20.5965,283.0,74,57,0.99,LY,1706904962
471,genc,38.7507,40.5603,264.6,84,3,1.77,TR,1706904963
472,pyapon,16.2833,95.6833,293.86,70,5,2.72,MM,1706904963
473,bahia de kino,28.8333,-111.9333,295.88,50,0,5.57,MX,1706904964
474,siwa oasis,29.2041,25.5195,284.56,51,3,2.51,EG,1706904964
475,chui,-33.6971,-53.4616,300.64,50,0,6.7,UY,1706904964
476,tadine,-21.55,167.8833,299.75,86,100,5.92,NC,1706904965
477,taulaga,-11.0553,-171.0883,301.49,78,100,6.47,AS,1706904750
478,denison,33.7557,-96.5367,292.92,79,100,7.72,US,1706904965
479,katsuura,35.1333,140.3,278.92,55,100,6.08,JP,1706904966
480,borova,50.1763,30.1043,275.01,82,100,5.41,UA,1706904966
481,tomatlan,19.9333,-105.25,305.43,32,2,5.14,MX,1706904967
482,ad dabbah,18.05,30.95,287.66,25,4,4.68,SD,1706904967
483,bahia honda,22.9036,-83.1592,297.24,48,5,2.53,CU,1706904967
484,recani,31.2846,-4.2688,285.9,23,0,0.75,MA,1706904968
485,brokopondo,4.75,-55.1667,303.32,47,86,0.33,SR,1706904968
486,gizo,-8.103,156.8419,301.33,80,100,4.22,SB,1706904969
487,eldorado at santa fe,35.5264,-105.9347,278.64,84,100,5.66,US,1706904969
488,muscatine,41.4667,-91.1335,276.84,93,5,4.63,US,1706904969
489,carnarvon,-24.8667,113.6333,297.25,84,9,3.75,AU,1706904970
490,ejido,8.5514,-71.2375,298.31,79,93,2.57,VE,1706904970
491,lent'ekhi,42.7856,42.7261,274.28,97,100,1.11,GE,1706904970
492,gadzhiyevo,69.2551,33.3362,260.31,93,30,5.34,RU,1706904971
493,finote selam,10.7,37.2667,292.24,45,100,0.68,ET,1706904971
494,al ghayzah,16.2079,52.176,297.67,78,17,4.07,YE,1706904972
495,sanming,26.2486,117.6186,289.29,97,100,1.11,CN,1706904972
496,chahuites,16.2833,-94.1833,303.23,47,39,5.45,MX,1706904972
497,port douglas,-16.4833,145.4667,300.09,86,100,1.42,AU,1706904973
498,san rafael,-34.6177,-68.3301,309.45,20,15,5.53,AR,1706904869
499,newman,37.3138,-121.0208,287.73,84,85,3.13,US,1706904973
500,codrington,-38.2667,141.9667,282.57,88,1,2.48,AU,1706904974
501,turtas,58.9417,69.1325,248.93,100,94,2.04,RU,1706904974
502,tacna,-18.0056,-70.2483,298.26,53,75,5.66,PE,1706904933
503,ketchikan,55.3422,-131.6461,274.41,69,40,3.09,US,1706904975
504,north bend,43.4065,-124.2243,283.85,93,100,5.14,US,1706904975
505,hikari,33.955,131.95,278.14,73,14,4.16,JP,1706904976
506,grojec,51.8625,20.8676,277.79,85,100,8.21,PL,1706904976
507,chittagong,22.9167,91.5,290.08,85,1,1.83,BD,1706904977
508,anloga,5.7947,0.8973,301.24,79,24,4.64,GH,1706904977
509,verkhov'ye,52.8119,37.2425,269.65,89,100,6.01,RU,1706904977
510,rafaela,-31.2503,-61.4867,310.92,16,0,2.68,AR,1706904954
511,port augusta,-32.5,137.7667,294.72,58,0,2.63,AU,1706904978
512,aldinga beach,-35.2793,138.4604,294.06,64,0,1.81,AU,1706904853
513,kruisfontein,-34.0033,24.7314,293.64,91,45,2.28,ZA,1706904979
514,orito,0.6766,-76.8771,301.53,81,100,0.8,CO,1706904976
515,atar,20.5169,-13.0499,295.65,11,72,4.2,MR,1706904979
516,maun,-19.9833,23.4167,299.13,50,20,2.06,BW,1706904980
517,aral,40.5156,81.2636,271.1,60,5,0.9,CN,1706904980
518,delijan,33.9905,50.6838,270.54,81,95,2.45,IR,1706904980
519,dapa,9.7594,126.0531,299.0,84,8,4.06,PH,1706904981
520,khandud,36.9513,72.318,262.87,83,100,2.3,AF,1706904981
521,severnoye,56.3491,78.3619,262.1,96,99,3.46,RU,1706904982
522,halden,59.1226,11.3871,278.39,98,53,6.06,NO,1706904982
523,ulcinj,41.9294,19.2244,283.27,60,2,5.22,ME,1706904982
524,ende,-8.8432,121.6623,298.97,80,49,1.24,ID,1706904916
525,piti village,13.4626,144.6933,299.18,76,0,5.14,GU,1706904983
526,poronaysk,49.2167,143.1167,250.84,93,9,2.28,RU,1706904983
527,aioun,16.6614,-9.6149,297.26,10,0,5.11,MR,1706904984
528,kurmuk,10.55,34.2833,295.84,21,47,1.91,SD,1706904984
529,vilyuysk,63.7553,121.6247,244.26,99,29,2.24,RU,1706904985
530,rio tuba,8.5061,117.4317,299.34,77,94,2.64,PH,1706904985
531,whitby,54.4877,-0.615,284.99,82,73,4.02,GB,1706904950
532,yaren,-0.5472,166.916,302.51,72,82,5.74,NR,1706904986
533,vuktyl,63.8567,57.3094,259.32,93,58,2.68,RU,1706904986
534,nabire,-3.3667,135.4833,297.96,93,100,1.33,ID,1706904986
535,fleurance,43.8482,0.663,285.35,99,15,0.93,FR,1706904987
536,oum hadjer,13.2954,19.6966,296.64,17,99,5.36,TD,1706904988
537,beynes,48.8563,1.8726,281.32,83,100,4.19,FR,1706904988
538,dzuunmod,48.2199,97.3744,252.88,65,98,2.77,MN,1706904988
539,altdorf,49.3875,11.3572,280.16,77,77,5.01,DE,1706904989
540,quelimane,-17.8786,36.8883,300.12,83,40,2.06,MZ,1706904989
541,broome,42.2506,-75.833,276.87,87,100,4.63,US,1706904989
542,muang xay,20.7,101.9833,286.63,46,0,0.5,LA,1706904990
543,ciudad lazaro cardenas,17.9583,-102.2,301.19,63,1,4.45,MX,1706904990
544,san juan de miraflores,-12.1629,-76.9635,299.44,74,100,4.8,PE,1706904991
545,minas de marcona,-15.2119,-75.1103,296.11,64,95,5.88,PE,1706904991
546,calvinia,-31.4707,19.776,296.13,62,100,3.74,ZA,1706904991
547,kalmunai,7.4167,81.8167,298.61,82,97,1.9,LK,1706904984
548,deqen,29.9618,90.7188,264.6,32,17,3.45,CN,1706904992
549,sechura,-5.5569,-80.8222,301.43,64,92,6.31,PE,1706904993
550,mount pleasant,32.7941,-79.8626,294.14,40,0,2.06,US,1706904965
551,barra do corda,-5.5,-45.25,301.28,76,100,1.75,BR,1706904977
552,belyy yar,53.6039,91.3903,256.09,92,100,1.0,RU,1706904994
553,moose jaw,50.4001,-105.5344,279.3,70,20,8.23,CA,1706904841
554,el granada,37.5027,-122.4694,287.81,71,75,6.17,US,1706904995
555,igrim,63.1906,64.4162,256.76,95,95,3.51,RU,1706904996
556,plettenberg bay,-34.0527,23.3716,295.79,76,100,1.55,ZA,1706904996
557,santa cruz del norte,23.1539,-81.9236,296.61,53,23,1.85,CU,1706904996
558,novaya igirma,57.1334,103.9112,241.81,100,85,0.84,RU,1706904997
559,dunhua,43.3725,128.2425,251.59,95,20,1.19,CN,1706904997
560,sansanne-mango,10.3592,0.4708,303.3,13,0,4.15,TG,1706904998
561,lompoc,34.6391,-120.4579,289.14,65,75,4.12,US,1706904998
562,puerto deseado,-47.7503,-65.8938,300.34,21,36,18.8,AR,1706904999
563,onega,63.9061,38.1404,257.73,100,99,1.44,RU,1706904999
564,zhangjiakou shi xuanhua qu,40.6103,115.0447,266.54,84,100,1.1,CN,1706904999
565,ujae,8.9322,165.7642,300.41,83,73,10.27,MH,1706905000
566,nieuw amsterdam,5.8833,-55.0833,304.24,58,40,4.12,SR,1706905000
567,ciudad rio bravo,25.9833,-98.1,302.1,47,0,10.29,MX,1706904955
568,cabedelo,-6.9811,-34.8339,303.52,71,100,6.43,BR,1706905001
569,gilgit,35.9221,74.3087,269.37,55,37,1.42,PK,1706905001
570,noumea,-22.2763,166.4572,301.48,99,85,2.33,NC,1706905002
571,chibougamau,49.9168,-74.3659,263.94,73,100,1.03,CA,1706905002
572,matoury,4.8483,-52.3317,303.13,62,20,4.12,GF,1706905002
573,mpongwe,-13.5091,28.155,290.94,97,8,2.12,ZM,1706905003
574,miyaly,48.8844,53.7836,273.1,99,100,5.22,KZ,1706905003
575,nguigmi,14.2495,13.1092,292.9,20,5,6.35,NE,1706905004
576,general jose de san martin,-26.5374,-59.3416,313.93,18,0,2.25,AR,1706905004
577,montepuez,-13.1256,38.9997,294.44,95,100,0.84,MZ,1706905004
578,oltinko'l,40.8011,72.1634,273.23,52,34,2.3,UZ,1706905005
579,nagqu,31.5,92.0,260.44,62,100,0.29,CN,1706905005
580,lakatoro,-16.0999,167.4164,301.08,82,100,4.21,VU,1706905005
581,aktyubinskiy,54.8137,52.8056,268.07,96,100,3.94,RU,1706905006
582,jiazi,22.8779,116.067,289.42,89,92,7.48,CN,1706905006
583,mitchell,43.7094,-98.0298,277.45,100,100,6.69,US,1706905006
584,aras-asan,8.8908,126.3033,298.24,87,19,2.07,PH,1706905007
585,verkhneyarkeyevo,55.4505,54.3145,267.83,95,100,4.63,RU,1706905007
586,walla walla,46.0646,-118.343,284.74,82,75,0.89,US,1706905007
587,kudahuvadhoo,2.6708,72.8944,300.97,77,93,4.79,MV,1706905008
